Version, Total Wins + Draws Proportion, Total Wins + 1/2 * Draws Proportion, Total Score Difference, Total Wins, Total Draws, Total Losses, Time Per 1000 runs (ms), Total Runs, Total Time (ms), Runs Per Update,m1,m2,m3,m4,m5,m6,m7,m8,m9,m10,m11,m12,m13,m14,m15,m16,m17,m18,m19,m20,m21,m22,m23,m24,m25,m26,m27,m28,m29,m30,m31,m32,m33,m34,m35,m36,m37,m38,m39,m40,m41,m42,m43,m44,m45,m46,m47,m48,m49,m50,m51,m52,m53,m54,m55,m56,m57,m58,m59,w1,w2,w3,w4,w5,w6,w7,w8,w9,w10,w11,w12,w13,w14,w15,w16,w17,w18,w19,w20,w21,w22,w23,w24,w25,w26,w27,w28,w29,w30,w31,w32,w33,w34,w35,w36,w37,w38,w39,w40,w41,w42,w43,w44,w45,w46,w47,w48,w49,w50,w51,w52,w53,w54,w55,w56,w57,w58,w59,c1,c2,c3,c4,c5,c6,c7,c8,c9,c10,c11,c12,c13,c14,c15,c16,c17,c18,c19,c20,c21,c22,c23,c24,c25,c26,c27,c28,c29,c30,c31,c32,c33,c34,c35,c36,c37,c38,c39,c40,c41,c42,c43,c44,c45,c46,c47,c48,c49,c50,c51,c52,c53,c54,c55,c56,c57,c58,c59
0.1.14,0.5181186440677966,0.49696610169491523,-248,28073,2496,28431,230.77966101694915,59000,13616.0,1000,497,508,509,552,486,539,473,546,495,533,504,533,497,556,515,536,488,544,487,569,466,554,500,544,511,507,522,538,490,531,508,559,514,538,503,567,485,541,495,511,492,541,465,546,499,536,509,548,481,541,466,559,482,523,483,555,499,547,546,,462,470,468,512,440,485,434,504,452,489,465,498,453,515,471,500,454,500,439,517,431,514,458,500,463,468,485,497,447,488,461,502,461,493,467,513,446,494,453,474,449,494,424,507,457,495,462,504,441,502,425,515,446,479,452,515,460,509,494,,-565,3,-84,1638,-1033,667,-1341,314,-1042,601,-698,471,-927,1473,245,604,-1546,888,-1698,2012,-2059,1306,-610,312,-870,-58,196,1157,-821,1193,-911,687,-127,691,-748,1627,-1329,1015,-995,-731,-1379,837,-1701,419,-452,1458,-348,988,-1114,1162,-1235,1422,-1466,322,-1076,939,-408,1118,1359,
0.1.14,0.5239830508474577,0.5036186440677967,8358,28512,2403,28085,234.1864406779661,59000,13817.0,1000,481,558,474,535,494,544,501,554,474,550,469,542,505,523,455,580,488,555,508,518,486,564,486,543,487,562,502,567,512,566,517,558,491,539,516,568,486,549,477,578,518,556,491,544,512,548,490,553,492,554,486,555,483,544,497,550,516,596,568,,436,523,441,491,458,501,465,516,433,513,430,506,461,487,426,525,449,498,474,484,450,512,437,511,455,523,468,533,468,515,479,514,460,505,468,515,430,513,439,538,464,519,454,501,468,503,447,515,451,513,452,511,454,489,462,511,471,557,520,,-1552,1293,-1332,-262,-1024,708,-899,990,-1449,799,-1545,770,-910,152,-1665,1995,-1023,392,-987,72,-1469,1383,-1090,457,-1390,1724,382,1973,-608,1123,-328,1158,-1084,991,-33,1573,-957,1375,-1353,1701,-519,1570,-673,809,-192,833,-809,1232,-967,1361,-1146,1221,-1151,412,-911,1034,457,3049,2697,
0.1.14,0.5209322033898305,0.5001525423728813,-191,28283,2452,28265,227.1864406779661,59000,13404.0,1000,472,534,470,553,514,537,488,524,490,535,474,552,487,528,501,558,492,551,493,552,496,532,477,554,501,538,521,539,527,559,508,544,484,542,461,579,466,562,502,547,519,565,497,555,466,569,475,541,502,534,472,567,509,551,483,585,492,547,562,,434,492,435,507,469,498,441,481,453,500,438,521,439,496,448,520,452,497,440,508,446,480,430,510,456,509,478,506,489,519,468,503,452,506,413,533,429,532,463,503,481,528,454,514,424,527,427,502,467,489,429,522,462,506,443,541,443,508,522,,-1348,421,-1310,765,127,547,-1173,148,-1160,360,-1012,1355,-1387,597,-293,980,-1362,1279,-1573,1268,-641,-71,-908,614,-1183,1086,-616,1224,-248,1290,-416,731,-1062,484,-2115,1700,-2161,1307,-347,973,-569,992,-691,1132,-2194,1369,-1636,906,-796,1115,-1691,1553,-897,864,-1391,2284,-1096,1437,2248,
0.1.14,0.5194406779661017,0.49940677966101693,1172,28283,2364,28353,233.33898305084745,59000,13767.0,1000,501,560,475,537,487,555,461,520,503,515,485,556,480,552,485,536,449,545,476,533,512,518,500,558,491,536,503,539,503,549,485,546,499,535,487,554,480,571,492,569,488,561,479,527,493,583,522,548,502,547,506,537,495,548,484,565,508,567,549,,461,533,433,504,445,498,425,473,472,481,443,515,437,501,442,507,412,520,448,498,467,477,472,521,444,495,461,494,462,503,439,501,465,492,445,504,453,538,448,519,451,519,444,497,460,531,478,503,458,508,464,503,452,520,436,515,462,527,507,,-537,1570,-1244,1173,-675,374,-1819,-60,-323,248,-1181,567,-2003,755,-1241,395,-2737,1380,-818,590,-324,-31,-566,1210,-793,156,-599,1056,-432,1123,-1104,203,-502,599,-1119,1249,-1225,2181,-1410,1841,-811,1854,-1936,225,-929,1827,-261,416,-720,911,-613,1336,-1424,1263,-1219,1216,56,2185,1869,
0.1.14,0.5232203389830509,0.5019830508474576,3992,28364,2506,28130,217.10169491525423,59000,12809.0,1000,530,550,504,569,473,543,473,572,529,508,503,519,517,578,486,536,498,533,479,560,475,543,491,550,516,566,479,499,466,544,476,526,508,539,527,567,511,567,484,545,500,517,502,565,510,560,516,574,484,544,500,519,504,558,510,549,511,570,538,,482,492,459,527,428,511,431,519,492,466,455,472,478,544,448,500,458,504,432,497,434,495,450,508,485,515,451,459,427,505,434,487,467,504,484,524,472,527,448,502,459,466,465,528,467,508,467,528,434,502,452,481,452,528,461,507,467,533,486,,-235,418,-228,2022,-2142,635,-1577,1269,107,-25,-819,-312,-332,2396,-1098,317,-587,1490,-1358,1266,-1802,1058,-989,1106,151,1586,-946,-894,-1802,1268,-1599,765,-517,663,514,645,-207,1182,-1787,943,-576,-789,-1128,2264,-653,983,-575,1122,-1394,387,-753,470,-757,1376,-304,1382,-528,1564,1356,
0.1.14,0.5243389830508475,0.5029661016949153,7970,28414,2522,28064,242.8135593220339,59000,14326.0,1000,485,538,493,537,489,540,510,569,508,557,499,556,491,547,480,554,528,554,496,552,494,537,490,549,491,524,463,525,492,529,505,567,496,549,492,535,493,580,479,589,487,554,498,528,496,537,515,555,504,555,479,584,505,585,507,559,513,577,536,,447,495,441,493,445,506,472,538,464,520,461,514,444,504,431,501,480,510,456,517,456,490,448,513,456,492,417,491,448,488,462,521,442,514,442,499,443,539,438,533,454,504,449,485,461,477,472,510,459,518,445,525,462,541,473,519,474,540,475,,-1440,757,-1372,542,-1035,683,-630,1007,-525,1937,-715,1338,-1350,1302,-1172,1771,-76,632,-1304,1286,-1363,709,-778,1568,-923,-242,-2199,543,-1036,-275,-710,1917,-1154,1085,-1453,1446,-1380,1821,-1215,2348,-1534,1012,-295,258,-720,436,-273,1099,-658,1831,-1405,2113,-751,2446,-359,1749,-529,2312,893,
0.1.14,0.5201525423728813,0.49897457627118647,1433,28190,2499,28311,248.67796610169492,59000,14672.0,1000,485,527,492,540,493,552,494,557,482,541,516,535,468,528,491,537,505,553,524,531,479,562,495,550,514,549,494,551,504,549,524,570,500,541,496,545,472,537,454,541,488,553,498,505,502,536,506,538,504,551,488,541,498,556,483,543,502,579,540,,441,494,456,497,456,507,442,513,436,494,476,484,426,493,450,492,466,510,488,493,443,520,457,499,477,497,463,500,449,498,479,519,459,497,457,497,429,495,402,501,445,513,459,468,461,501,454,496,462,513,452,504,450,512,445,501,463,533,506,,-1773,822,-577,163,-687,941,-1040,1198,-654,870,-483,483,-1633,1123,-1105,467,-973,885,-301,945,-1183,1243,-437,804,96,776,-976,1012,-1607,1228,167,1240,-1239,868,-229,753,-1759,1131,-2181,1071,-1504,1038,-1239,-505,-355,443,-663,666,-538,752,-960,847,-1166,1821,-733,1217,-370,2030,1203,
0.1.14,0.5227966101694915,0.5020084745762712,5594,28392,2453,28155,240.16949152542372,59000,14170.0,1000,490,576,487,546,510,563,502,550,468,568,515,527,460,547,463,547,490,568,507,557,522,527,510,551,474,548,488,563,474,533,494,544,532,557,503,551,501,541,493,563,479,559,486,572,519,553,483,544,525,540,473,543,475,539,493,565,507,558,522,,451,521,448,503,463,524,457,510,415,532,469,490,419,514,419,499,456,531,463,517,472,478,470,510,436,508,438,521,435,492,457,502,505,511,461,509,461,488,453,521,435,523,440,531,472,513,441,514,487,498,425,496,440,501,453,532,463,520,479,,-904,1417,-423,930,-465,1184,-630,987,-1850,2135,-585,420,-2106,1111,-2264,821,-1014,2286,-920,1356,-149,470,-185,1127,-1527,716,-1379,1233,-1095,171,-698,608,602,739,-809,996,-318,713,-1299,1283,-1869,948,-1684,1372,55,1488,-1922,894,244,765,-1416,788,-568,1008,-1411,1704,-77,1874,716,
0.1.14,0.5191694915254237,0.4981949152542373,-234,28156,2475,28369,245.08474576271186,59000,14460.0,1000,465,551,461,537,484,537,511,515,523,527,499,518,515,544,498,533,483,540,508,539,485,581,468,545,506,539,483,522,474,549,521,560,532,554,481,551,512,554,477,550,504,519,512,529,453,563,522,528,495,581,489,545,508,532,520,539,481,551,528,,431,515,421,496,448,498,471,475,489,486,458,479,467,499,464,478,441,493,445,498,440,537,431,500,466,502,452,476,437,511,473,522,480,529,444,503,466,514,441,500,465,480,466,490,418,512,468,501,441,535,438,512,457,484,477,494,448,507,487,,-1916,930,-2816,502,-492,621,532,-34,-317,288,-828,182,-273,1428,-1104,-141,-1499,573,-906,1145,-1272,2251,-787,687,-795,932,-1333,-8,-1478,1053,117,1772,37,1100,-1092,908,-65,1458,-1443,1801,-861,206,-983,767,-1753,846,-14,877,-1023,1233,-1801,1366,-1162,373,-294,567,-618,1381,941,
0.1.14,0.524186440677966,0.5036271186440678,7215,28501,2426,28073,231.76271186440678,59000,13674.0,1000,501,523,508,532,506,546,503,539,520,539,507,539,502,572,503,576,492,576,491,534,491,560,483,561,476,541,524,538,502,575,488,542,493,558,490,563,479,560,469,540,514,552,509,543,513,543,493,548,497,547,489,544,462,543,494,557,495,575,567,,459,492,469,493,464,504,460,501,482,495,463,506,466,546,465,525,456,526,450,491,450,518,439,515,428,505,478,496,466,549,451,496,450,520,445,511,448,516,426,494,470,513,459,498,467,498,447,515,464,495,448,499,419,503,463,517,457,529,526,,-82,790,-600,-37,-305,712,-971,238,314,638,-392,1585,-544,2376,-346,848,-1047,1428,-1520,627,-1223,1631,-1332,951,-1251,140,225,143,-625,1865,-747,620,-310,1136,-1198,1523,-1545,1553,-1696,510,-646,1007,-661,586,-539,705,-678,992,-921,994,-669,1413,-2588,591,-1054,1091,-223,1987,1746,
0.1.14,0.5239491525423728,0.5034322033898305,6875,28492,2421,28087,234.25423728813558,59000,13821.0,1000,477,558,511,547,485,524,479,557,474,527,499,544,500,542,480,532,515,562,503,557,477,541,485,540,483,561,520,562,495,542,534,535,504,570,528,568,503,527,497,536,492,574,500,524,488,537,519,542,523,551,509,556,501,563,481,539,501,588,544,,439,531,457,507,437,492,438,522,431,485,459,503,460,504,437,490,476,518,454,510,432,507,448,516,445,524,464,512,465,514,491,500,471,530,495,523,464,486,451,494,443,533,461,491,440,493,462,491,478,509,457,503,462,526,445,498,453,559,506,,-1955,1356,-519,1191,-1440,415,-2131,1231,-1346,324,-285,970,-461,1036,-1895,454,252,1733,-1009,894,-1199,332,-1694,407,-940,1394,-627,1414,-419,769,646,899,-799,1335,286,1275,-332,336,-1637,242,-1463,2196,-626,88,-1394,1099,-59,614,290,955,-940,1114,-183,1228,-1396,1381,-707,2506,1669,
0.1.14,0.5220847457627119,0.5008559322033899,5895,28298,2505,28197,227.864406779661,59000,13444.0,1000,483,545,513,552,476,514,503,549,494,561,505,549,494,556,479,547,495,542,472,547,478,556,498,544,508,541,488,545,490,576,501,544,464,559,511,538,513,534,506,550,499,552,511,536,493,554,481,557,494,548,463,555,493,568,512,528,506,578,555,,445,499,452,504,444,470,464,511,462,526,468,508,454,513,432,517,440,492,437,503,436,519,450,498,460,498,433,504,452,526,462,512,421,520,475,498,465,493,466,510,453,510,473,495,447,510,427,517,455,501,416,519,443,532,477,485,463,524,512,,-830,827,-818,1231,-1480,-12,-693,1274,-1331,1309,-254,1076,-861,1465,-1408,1687,-1369,818,-1380,833,-1289,1393,-1184,363,106,851,-1117,538,-1241,1487,-947,895,-1903,1477,-19,349,-26,758,-214,536,-692,1169,-254,939,-842,638,-1218,1626,-775,1311,-1755,769,-1272,1321,-245,326,-699,2712,1939,
0.1.14,0.5239661016949153,0.5037457627118644,6199,28528,2386,28086,234.84745762711864,59000,13856.0,1000,496,549,477,545,519,529,491,554,503,548,472,535,496,539,527,525,483,542,515,538,492,541,508,549,472,556,504,562,524,584,494,548,498,545,474,554,502,563,476,554,503,557,531,529,507,534,518,559,490,523,499,560,494,577,494,568,494,569,525,,464,499,448,499,471,493,454,502,459,514,421,498,457,493,473,487,445,494,476,498,448,502,462,516,440,519,455,523,481,534,454,508,459,508,445,508,458,513,440,513,466,515,495,484,466,496,483,508,447,488,459,530,453,538,452,535,460,538,484,,-818,387,-1663,656,-1209,564,-1019,995,-1072,1037,-1745,660,-975,574,-240,459,-1298,666,-946,419,-924,18,-721,947,-1394,893,-596,1890,-564,2301,-397,919,-1480,891,-731,1876,-1016,1187,-691,1513,-439,738,14,135,-626,829,-328,933,-678,207,-120,2308,-1001,1698,-856,1685,-513,1822,1038,
0.1.14,0.5218305084745762,0.5009661016949153,1477,28326,2462,28212,237.83050847457628,59000,14032.0,1000,492,544,525,553,510,516,481,555,515,550,473,544,483,569,506,545,495,559,484,544,473,539,495,562,464,549,501,539,492,527,514,533,469,563,509,554,485,553,491,560,479,559,484,558,501,536,500,597,489,542,505,552,495,527,505,547,490,568,539,,452,502,477,519,466,482,441,512,467,509,436,500,438,521,463,512,463,517,440,502,427,484,454,521,426,513,462,498,452,490,475,492,426,516,467,509,443,514,450,526,446,519,451,511,454,500,456,562,446,504,461,506,442,479,459,509,444,512,501,,-647,893,503,585,-180,2,-1303,1296,-666,1003,-1266,777,-1657,1352,-974,1064,-704,1415,-1199,846,-1373,677,-749,789,-1820,565,-664,369,-985,1056,-463,534,-1902,864,-480,1151,-1646,838,-923,1254,-1346,1224,-816,1073,-758,1020,-769,2819,-1576,731,-666,635,-863,388,-582,895,-1019,1575,1280,
0.1.14,0.5238644067796611,0.5022711864406779,6835,28360,2548,28092,237.3728813559322,59000,14005.0,1000,504,556,499,562,510,563,486,535,507,550,475,540,471,546,526,534,513,555,508,562,514,562,492,524,498,545,495,570,473,531,502,568,519,500,504,536,502,538,507,556,488,545,471,566,518,555,469,569,510,559,501,543,492,547,531,544,471,578,513,,467,514,459,525,459,518,448,495,462,511,436,489,427,498,487,487,476,511,466,509,475,521,450,483,456,488,449,528,437,492,458,525,484,457,448,501,452,503,469,506,445,509,425,530,471,506,429,507,467,512,456,497,442,492,493,508,431,539,475,,-670,1284,-583,1645,-651,1302,-130,997,-836,519,-758,646,-1917,246,-381,668,-677,1358,1,1630,220,1461,-796,154,-741,562,-586,1132,-891,139,-636,1401,180,-537,-631,884,-652,1211,-995,956,-1104,1606,-2052,1910,-721,681,-2049,1163,-527,977,-670,256,-1614,810,568,1272,-1437,1899,339,
0.1.14,0.5198644067796611,0.49939322033898303,1117,141282,12078,141640,225.42372881355934,295000,66500.0,5000,2493,2714,2437,2662,2388,2783,2430,2696,2459,2688,2480,2791,2504,2742,2426,2716,2421,2808,2452,2735,2478,2683,2519,2674,2440,2714,2509,2683,2479,2695,2491,2662,2466,2683,2495,2741,2526,2769,2500,2696,2483,2765,2457,2706,2493,2723,2468,2777,2434,2733,2495,2720,2454,2725,2496,2701,2542,2792,2668,,2284,2503,2256,2477,2183,2577,2235,2497,2256,2456,2274,2574,2305,2542,2224,2519,2221,2620,2258,2548,2274,2471,2286,2474,2223,2517,2280,2489,2279,2482,2306,2440,2240,2469,2279,2537,2332,2579,2316,2517,2251,2556,2241,2518,2313,2499,2266,2554,2222,2525,2264,2519,2211,2490,2305,2509,2363,2610,2467,,-4315,3214,-5257,4174,-8596,5006,-6518,3642,-5257,4258,-3745,7640,-2884,4646,-6980,4037,-6267,6929,-5669,5402,-4374,3311,-4146,1104,-5637,4040,-3455,3758,-5098,3470,-2890,1521,-4007,2937,-3686,4265,-3578,5012,-3842,4383,-4716,5658,-4241,4729,-3500,5255,-5437,5464,-6553,5027,-4450,6284,-6459,5067,-4113,4771,-2527,8739,5571,
0.1.14,0.521135593220339,0.5003118644067797,10191,141449,12286,141265,228.16949152542372,295000,67310.0,5000,2440,2724,2517,2763,2455,2733,2441,2704,2511,2744,2452,2689,2507,2715,2468,2721,2454,2768,2452,2751,2506,2795,2484,2735,2473,2769,2425,2718,2466,2762,2481,2708,2429,2655,2450,2774,2454,2775,2458,2727,2475,2758,2472,2705,2469,2731,2450,2749,2519,2724,2519,2708,2440,2729,2465,2762,2501,2837,2669,,2240,2518,2314,2562,2248,2500,2213,2495,2322,2541,2235,2464,2325,2508,2211,2524,2233,2558,2249,2532,2272,2589,2259,2522,2278,2546,2239,2512,2263,2574,2267,2506,2243,2467,2248,2566,2258,2566,2273,2526,2246,2536,2250,2521,2243,2560,2247,2519,2321,2517,2305,2489,2224,2522,2267,2566,2284,2602,2464,,-5326,4773,-2347,5791,-5362,5124,-5613,5186,-3514,5817,-5390,3834,-4505,4968,-6415,4554,-5986,5547,-5769,5392,-4218,7654,-5958,4384,-4558,6337,-5996,3872,-5337,4619,-3734,3913,-7364,1842,-3631,4868,-5293,6119,-5166,3926,-4755,5006,-5032,3839,-6652,4343,-6141,4021,-2070,4536,-2692,2967,-5243,4488,-4177,5874,-2339,10432,6748,
0.1.14,0.5220508474576271,0.5012508474576272,17098,141733,12272,140995,232.5491525423729,295000,68602.0,5000,2482,2752,2460,2672,2427,2680,2465,2672,2458,2668,2499,2721,2434,2727,2456,2739,2562,2792,2483,2750,2496,2699,2469,2680,2467,2684,2524,2759,2505,2746,2407,2786,2507,2755,2495,2784,2503,2750,2456,2737,2478,2677,2485,2747,2504,2706,2537,2695,2504,2696,2452,2742,2503,2782,2551,2782,2548,2845,2663,,2245,2553,2254,2486,2220,2467,2266,2485,2268,2475,2278,2500,2229,2499,2254,2541,2344,2578,2291,2530,2290,2498,2260,2480,2264,2483,2315,2557,2303,2538,2194,2545,2295,2571,2271,2588,2312,2536,2238,2528,2249,2465,2298,2534,2292,2508,2331,2466,2267,2499,2228,2544,2304,2593,2327,2568,2339,2617,2475,,-6065,6204,-4021,3184,-6063,3690,-4753,2030,-5001,2404,-4123,4040,-6008,3002,-4574,5171,-2236,5662,-4095,4801,-3960,3484,-4213,3378,-5642,3616,-4107,5867,-2899,4153,-5657,4763,-3722,4551,-4988,6574,-3183,3895,-5461,4170,-3751,2131,-3423,5218,-2632,3727,-2761,1917,-3850,3605,-6230,6134,-3619,5913,-1797,5955,-625,10217,7101,
0.1.14,0.5234508474576272,0.5024830508474576,21842,142047,12371,140582,232.01694915254237,295000,68445.0,5000,2551,2754,2459,2765,2513,2700,2496,2754,2495,2739,2532,2756,2500,2735,2518,2727,2574,2707,2407,2712,2462,2774,2465,2742,2499,2718,2432,2715,2510,2729,2503,2800,2490,2777,2534,2710,2445,2667,2441,2771,2513,2753,2434,2769,2473,2718,2472,2684,2442,2709,2500,2754,2459,2806,2482,2767,2513,2919,2673,,2338,2536,2237,2561,2310,2490,2262,2563,2270,2515,2343,2550,2305,2515,2278,2515,2362,2525,2240,2522,2264,2540,2252,2508,2279,2512,2206,2523,2287,2529,2329,2570,2288,2584,2295,2512,2245,2456,2237,2556,2299,2563,2232,2565,2272,2531,2256,2451,2240,2503,2292,2536,2226,2586,2266,2562,2305,2706,2447,,-2247,4509,-5571,4623,-4466,2500,-1745,5745,-6186,4089,-2060,5123,-3492,3539,-4874,5151,-2528,4335,-7375,4221,-5179,6872,-5462,3461,-3915,3842,-6649,4077,-4383,4780,-3173,6465,-3945,4941,-3085,3550,-4320,1429,-5104,6453,-3474,5106,-5432,5901,-4666,4531,-4515,3023,-6271,3924,-2484,5766,-5754,6165,-4997,5246,-1335,11959,5203,
0.1.14,0.5219796610169491,0.5009796610169491,14933,141594,12390,141016,231.5457627118644,295000,68306.0,5000,2548,2694,2531,2736,2472,2747,2487,2730,2495,2748,2455,2782,2527,2718,2448,2761,2515,2714,2469,2718,2464,2711,2444,2767,2478,2702,2433,2736,2490,2734,2473,2720,2483,2756,2476,2772,2488,2713,2462,2679,2475,2724,2436,2758,2438,2709,2407,2690,2495,2756,2491,2767,2482,2794,2485,2765,2487,2859,2690,,2356,2469,2336,2547,2273,2544,2287,2511,2279,2514,2233,2531,2300,2531,2230,2540,2314,2490,2248,2516,2268,2507,2245,2568,2271,2499,2232,2545,2304,2510,2257,2501,2259,2560,2276,2578,2267,2510,2248,2477,2231,2512,2211,2535,2231,2482,2201,2481,2294,2533,2304,2533,2303,2577,2265,2574,2286,2648,2462,,-2400,2361,-2194,3685,-4439,4327,-4070,3808,-2696,4508,-6015,5775,-1157,4336,-7106,5154,-2999,4432,-4953,2832,-3761,3964,-4386,4192,-5511,5041,-5515,4693,-4136,3297,-5623,3341,-5353,4377,-5620,7793,-2441,4084,-5384,4047,-4825,3974,-6321,4764,-5086,2662,-7099,2434,-3515,5610,-3283,6459,-3981,6497,-4481,6490,-2073,10704,5715,
0.1.14,0.5229254237288136,0.5020711864406779,25447,141959,12304,140737,223.72542372881355,295000,65999.0,5000,2552,2835,2461,2727,2476,2700,2523,2792,2481,2700,2435,2687,2380,2749,2468,2736,2493,2714,2538,2756,2457,2698,2489,2776,2518,2675,2461,2708,2428,2753,2553,2748,2458,2714,2501,2785,2521,2728,2499,2786,2483,2693,2506,2709,2540,2740,2512,2779,2496,2727,2436,2743,2522,2690,2521,2741,2490,2853,2623,,2329,2627,2272,2511,2261,2492,2318,2563,2267,2491,2223,2498,2176,2530,2256,2541,2287,2525,2330,2554,2241,2485,2258,2565,2304,2459,2241,2508,2227,2563,2306,2527,2255,2506,2323,2566,2301,2534,2307,2586,2275,2504,2292,2494,2326,2528,2308,2587,2285,2492,2260,2531,2301,2480,2299,2542,2280,2638,2424,,-1690,7797,-4156,4017,-4455,4179,-2822,5723,-4960,2812,-5042,4076,-6683,4974,-4941,5009,-5156,3248,-2748,5291,-5949,2575,-4313,6760,-4241,3581,-5000,3824,-6640,6209,-2429,4954,-5727,4659,-2544,6120,-3647,4327,-2474,6284,-4265,3119,-4573,3218,-2199,4513,-2404,6720,-3351,3473,-6390,5371,-3270,2654,-3246,5615,-4352,10463,3549,
0.1.14,0.5219288135593221,0.5010322033898305,8387,141640,12329,141031,225.75932203389831,295000,66599.0,5000,2558,2727,2444,2714,2529,2742,2463,2702,2464,2767,2425,2739,2431,2781,2492,2766,2511,2705,2467,2741,2394,2748,2496,2773,2503,2651,2528,2748,2560,2730,2430,2715,2468,2698,2531,2729,2420,2735,2434,2743,2463,2740,2431,2674,2489,2774,2507,2723,2460,2756,2457,2729,2486,2774,2513,2702,2592,2806,2691,,2347,2528,2232,2502,2311,2519,2254,2496,2265,2526,2217,2549,2224,2528,2272,2568,2278,2508,2269,2524,2200,2536,2285,2562,2302,2443,2290,2562,2356,2488,2210,2502,2264,2524,2341,2514,2238,2527,2241,2533,2242,2512,2237,2476,2295,2569,2286,2509,2257,2569,2239,2520,2264,2572,2296,2533,2362,2599,2468,,-1206,3437,-4583,3967,-3167,5615,-6006,3223,-6482,5654,-8004,4877,-5334,4943,-4646,4442,-3934,3651,-4667,4568,-8842,4187,-3285,6783,-3709,1867,-4396,5237,-1949,4406,-6371,3908,-3047,3093,-3737,5061,-5556,4237,-6316,5898,-4355,3673,-5067,2664,-3829,5642,-3377,3644,-5806,4747,-5622,4501,-4659,5828,-3453,5359,-37,8958,5759,
0.1.14,0.5220542372881356,0.5010932203389831,8011,141639,12367,140994,233.21694915254238,295000,68799.0,5000,2510,2721,2485,2718,2485,2737,2511,2746,2539,2734,2492,2700,2455,2750,2425,2803,2531,2706,2483,2703,2495,2727,2523,2750,2473,2668,2469,2717,2435,2671,2469,2729,2560,2706,2553,2678,2479,2707,2447,2703,2453,2720,2478,2746,2461,2770,2480,2705,2501,2709,2449,2747,2500,2767,2527,2789,2489,2840,2682,,2284,2490,2280,2514,2262,2540,2289,2541,2337,2516,2287,2478,2259,2518,2246,2595,2329,2479,2275,2500,2275,2526,2299,2534,2253,2426,2252,2514,2228,2495,2290,2542,2323,2526,2342,2464,2280,2487,2254,2504,2257,2513,2265,2532,2277,2563,2258,2485,2287,2486,2261,2535,2266,2557,2321,2566,2279,2643,2455,,-4226,2443,-4832,4029,-4816,5190,-4741,3256,-2633,4647,-3120,2499,-5063,5187,-5914,5286,-1987,2384,-5333,3478,-3171,5023,-4431,4042,-4416,1975,-4434,4206,-5286,2612,-5142,4537,-2977,4630,-1801,2480,-3622,3058,-4710,3802,-5128,3821,-4395,4080,-3459,4637,-4387,3726,-4693,2678,-4671,3352,-4214,5497,-1609,8740,-3201,10045,5083,
0.1.14,0.5219457627118644,0.5008983050847458,16788,141556,12418,141026,235.61694915254236,295000,69507.0,5000,2457,2779,2477,2751,2497,2718,2541,2746,2531,2738,2481,2734,2495,2731,2491,2763,2460,2724,2536,2719,2453,2783,2498,2797,2426,2718,2372,2762,2454,2713,2436,2726,2505,2706,2499,2761,2500,2756,2484,2745,2458,2698,2543,2667,2488,2721,2453,2743,2416,2739,2433,2734,2466,2767,2510,2748,2466,2807,2654,,2239,2563,2270,2539,2300,2522,2325,2536,2333,2521,2262,2516,2268,2529,2277,2561,2252,2516,2302,2515,2257,2556,2262,2579,2185,2522,2208,2563,2240,2521,2232,2512,2281,2496,2296,2550,2293,2537,2256,2523,2236,2526,2313,2462,2278,2496,2265,2508,2212,2519,2233,2481,2253,2572,2286,2542,2287,2636,2436,,-5915,4039,-3350,4193,-2248,3977,-2418,5112,-2826,4827,-3658,2981,-3736,4455,-4022,5936,-4598,3110,-3486,5082,-5064,4693,-3732,7230,-6726,4646,-7614,5012,-5222,4706,-5232,3315,-4234,4170,-3862,6000,-3388,5857,-3925,4059,-4849,3865,-2511,2258,-4007,4042,-5537,3513,-5018,5202,-5787,4019,-5159,5169,-3556,5528,-3626,8515,6583,
0.1.14,0.5231423728813559,0.5026220338983051,29490,142220,12107,140673,234.0,295000,69030.0,5000,2550,2659,2489,2743,2526,2758,2475,2706,2553,2757,2477,2733,2555,2735,2496,2738,2464,2752,2510,2746,2415,2722,2488,2714,2422,2745,2438,2724,2468,2740,2490,2717,2493,2734,2498,2725,2445,2786,2502,2763,2506,2754,2447,2732,2521,2754,2452,2727,2471,2754,2444,2745,2474,2745,2509,2770,2560,2807,2704,,2326,2442,2298,2512,2311,2540,2291,2510,2344,2560,2271,2532,2348,2540,2280,2547,2242,2542,2330,2565,2203,2540,2311,2526,2196,2542,2225,2540,2231,2526,2282,2504,2293,2527,2297,2530,2252,2547,2288,2541,2303,2550,2209,2537,2292,2558,2248,2522,2265,2564,2252,2546,2268,2555,2297,2561,2363,2610,2488,,-3131,2528,-3048,3970,-2759,3640,-3564,4046,-3382,5298,-4616,4538,-1539,4734,-3717,5386,-3896,4975,-1322,5179,-6638,4616,-4275,2769,-6201,5294,-6192,3908,-5556,4523,-4778,5773,-4560,4709,-3659,3989,-5334,6852,-3005,4989,-3505,5890,-4725,4769,-2305,5393,-5236,4871,-5297,4626,-5891,4383,-5249,4651,-4127,4706,-701,10151,6542,
0.1.14,0.5213389830508475,0.500564406779661,21492,141538,12257,141205,228.4915254237288,295000,67405.0,5000,2469,2699,2447,2785,2475,2783,2480,2695,2469,2742,2488,2716,2509,2743,2474,2676,2507,2649,2444,2706,2451,2727,2472,2686,2485,2774,2484,2754,2487,2681,2469,2788,2478,2731,2439,2713,2501,2697,2476,2705,2539,2719,2449,2698,2542,2752,2512,2691,2504,2695,2505,2706,2476,2736,2494,2760,2540,2850,2673,,2260,2496,2233,2574,2250,2558,2266,2484,2262,2530,2277,2498,2301,2520,2268,2462,2296,2430,2246,2504,2256,2538,2251,2489,2263,2576,2255,2544,2271,2511,2262,2581,2278,2526,2270,2467,2301,2494,2279,2484,2333,2524,2244,2492,2320,2532,2316,2487,2292,2490,2319,2513,2284,2524,2306,2516,2338,2648,2449,,-5432,3660,-3930,5508,-3935,5329,-4647,3303,-3912,4520,-3138,4066,-4016,5193,-3361,3860,-2772,1208,-4348,4070,-4923,4454,-4976,2002,-5470,6453,-4744,6050,-4050,2500,-4302,7569,-4282,5344,-5238,3686,-3550,2406,-3677,3597,-2798,4530,-3823,3684,-2682,4892,-2114,3847,-5107,2930,-3913,5141,-5329,4661,-2991,5819,-920,9544,6046,
0.1.14,0.5212542372881356,0.5001576271186441,6069,141323,12447,141230,223.83050847457628,295000,66030.0,5000,2492,2731,2426,2747,2427,2772,2516,2675,2382,2763,2447,2678,2448,2707,2463,2736,2522,2698,2448,2705,2514,2696,2439,2708,2503,2680,2475,2717,2482,2695,2401,2772,2499,2759,2526,2739,2480,2803,2498,2784,2448,2795,2515,2757,2463,2725,2419,2771,2509,2719,2474,2712,2516,2756,2500,2713,2531,2817,2677,,2280,2510,2237,2527,2205,2553,2301,2454,2155,2553,2239,2462,2245,2487,2275,2521,2317,2499,2237,2513,2309,2506,2239,2504,2270,2468,2272,2491,2260,2509,2173,2531,2265,2538,2309,2509,2261,2584,2283,2606,2261,2568,2309,2572,2239,2494,2209,2569,2250,2514,2268,2495,2323,2541,2294,2514,2339,2628,2479,,-3644,3793,-7081,4898,-7141,4609,-3568,2843,-7769,5630,-5389,2654,-4977,3994,-5672,5292,-3135,2236,-5922,4534,-3583,3229,-4642,2889,-4213,3907,-4152,3246,-4940,3210,-8227,5862,-4772,4689,-4439,5065,-5760,5572,-3212,6332,-4507,5588,-2902,5095,-4346,4688,-6668,5761,-3876,4815,-4586,4841,-2704,4844,-3407,4067,-974,10615,7479,
0.1.14,0.5223830508474576,0.5016864406779661,19819,141892,12211,140897,230.72881355932202,295000,68065.0,5000,2461,2690,2502,2738,2473,2671,2452,2755,2483,2688,2491,2727,2374,2689,2514,2756,2452,2739,2516,2724,2549,2793,2537,2733,2510,2726,2473,2714,2513,2724,2469,2705,2412,2809,2485,2671,2570,2753,2429,2729,2527,2761,2537,2766,2459,2717,2451,2699,2491,2723,2492,2726,2501,2754,2448,2794,2518,2920,2620,,2285,2486,2296,2529,2247,2466,2257,2525,2263,2506,2286,2530,2180,2492,2325,2561,2254,2541,2320,2504,2349,2571,2333,2518,2294,2523,2252,2489,2316,2521,2249,2486,2243,2587,2265,2489,2353,2567,2234,2498,2306,2561,2335,2530,2243,2517,2223,2507,2269,2501,2294,2512,2276,2555,2226,2596,2312,2708,2431,,-4512,2668,-3528,4254,-6580,1484,-5262,3567,-4537,3726,-3332,4255,-6848,3328,-2776,5236,-5293,5134,-2880,4850,-2629,5660,-2742,4097,-3697,3628,-3949,3124,-2283,4864,-4484,3288,-5326,5533,-3831,3066,-1870,5830,-6170,4053,-3358,6285,-2075,4108,-4355,3643,-6423,3143,-3980,4437,-4236,3653,-3860,4498,-4569,7073,-1634,13637,4716,
0.1.14,0.5231186440677966,0.5022966101694916,28809,142035,12285,140680,231.45762711864407,295000,68280.0,5000,2481,2705,2448,2753,2466,2746,2451,2746,2471,2737,2489,2726,2463,2725,2467,2760,2452,2774,2447,2798,2563,2756,2509,2705,2428,2814,2506,2707,2517,2785,2456,2762,2478,2767,2478,2701,2488,2722,2435,2742,2479,2721,2546,2720,2471,2707,2488,2724,2508,2741,2445,2674,2498,2794,2513,2741,2534,2890,2702,,2284,2538,2240,2546,2265,2543,2275,2537,2286,2530,2305,2532,2239,2496,2245,2563,2232,2575,2254,2571,2358,2531,2305,2458,2228,2583,2272,2483,2300,2567,2256,2546,2264,2585,2254,2497,2282,2508,2198,2539,2280,2519,2311,2518,2253,2499,2278,2515,2300,2564,2220,2468,2301,2576,2314,2528,2329,2686,2506,,-5336,4813,-5725,5107,-4359,5229,-3176,4319,-3539,4897,-4420,5008,-4753,4455,-5835,4979,-5302,4850,-5193,4891,-1874,4394,-2017,4208,-5347,6047,-2552,2927,-3978,4806,-3664,5662,-4584,5438,-5282,5516,-4718,3758,-5663,4771,-3514,4029,-2409,3893,-5243,2370,-3116,4568,-2569,5911,-5786,2368,-4475,5997,-2049,4133,-1052,10856,6139,
0.1.14,0.5220338983050847,0.5009983050847457,22732,141589,12411,141000,229.1728813559322,295000,67606.0,5000,2500,2711,2492,2760,2468,2707,2504,2699,2507,2707,2478,2721,2465,2756,2528,2761,2384,2746,2476,2680,2476,2776,2416,2750,2434,2787,2461,2759,2486,2730,2511,2702,2498,2784,2428,2790,2504,2708,2483,2796,2515,2674,2476,2748,2498,2724,2467,2743,2459,2706,2394,2653,2533,2770,2474,2723,2570,2880,2664,,2291,2506,2273,2559,2248,2496,2291,2492,2286,2462,2249,2507,2248,2546,2317,2545,2169,2501,2262,2477,2257,2564,2222,2536,2244,2552,2257,2566,2287,2515,2287,2495,2324,2573,2216,2581,2336,2481,2258,2573,2304,2473,2287,2537,2284,2500,2278,2520,2257,2515,2200,2471,2294,2560,2271,2517,2338,2680,2454,,-3634,3841,-4874,5257,-4849,2909,-2973,3888,-4163,3561,-4751,4185,-4200,6420,-2329,5093,-7423,4067,-4850,5092,-4789,6602,-7017,6163,-5963,6362,-6599,5461,-3140,3343,-2955,3464,-3405,6772,-5129,5820,-1407,1825,-4201,5130,-2455,2147,-4625,4776,-4899,3827,-4923,5728,-5867,5874,-7229,2250,-2983,5216,-4150,5276,-1175,11583,7757,
0.1.16,0.518728813559322,0.4986864406779661,-6984,28240,2365,28395,205.4406779661017,59000,12121.0,1000,528,539,507,533,508,515,519,497,528,494,523,527,513,528,531,496,498,509,522,542,560,492,541,524,505,530,508,516,502,529,503,517,549,525,537,506,532,503,519,547,501,516,525,524,541,545,518,497,522,518,509,516,509,523,503,542,509,491,494,,488,501,457,494,462,477,484,453,501,444,479,479,467,492,488,466,460,467,480,499,516,453,498,488,468,492,470,480,456,480,468,485,505,486,500,462,496,469,481,510,465,473,472,483,495,508,480,462,479,477,470,470,474,482,472,501,462,460,454,,201,469,-923,60,-803,-9,-368,-619,343,-1310,228,-730,-678,14,491,-100,-687,-467,-279,176,767,-1284,-92,479,-215,318,-59,423,-174,-82,-209,-703,480,148,709,-170,201,71,-436,1045,-490,7,-205,-49,582,819,4,-739,-523,167,-605,-407,73,-422,-664,135,-351,-17,-525,
0.1.16,0.521135593220339,0.4997542372881356,14,28224,2523,28253,191.3050847457627,59000,11287.0,1000,555,507,522,495,512,524,561,511,530,506,524,535,514,511,522,533,520,525,548,527,505,522,538,496,513,502,537,525,497,507,516,547,536,498,538,512,525,492,547,514,520,533,524,535,515,533,535,558,511,527,524,517,482,508,540,491,515,492,538,,508,468,478,457,475,486,522,478,489,462,471,492,457,469,492,487,483,500,507,485,467,480,498,461,468,462,496,481,460,469,463,492,491,456,491,471,485,455,508,467,467,488,463,493,483,484,493,513,460,480,477,472,427,464,499,459,464,457,494,,937,-1020,145,-598,-366,228,1251,-548,723,-155,-108,380,-494,-324,29,277,-594,545,934,46,-671,12,737,-97,-632,-682,625,188,-591,-313,-591,-476,630,-1091,1215,-126,-174,-944,504,30,-198,485,-488,1023,75,625,890,1279,129,-618,-227,268,-1672,-879,1223,-737,-23,-668,686,
0.1.16,0.5220508474576271,0.5014406779661017,2316,28369,2432,28199,186.47457627118644,59000,11002.0,1000,516,523,555,542,495,542,488,554,507,530,536,526,509,508,522,491,510,523,492,527,522,488,516,515,493,514,516,523,528,524,528,513,520,519,492,562,534,533,537,517,533,519,527,526,538,548,525,539,521,542,496,532,531,514,543,524,471,559,523,,470,486,516,505,449,500,436,512,463,486,493,486,467,460,477,449,477,473,460,486,490,451,475,470,457,474,474,478,487,490,492,469,478,472,450,522,495,486,490,478,484,479,493,492,493,506,489,496,485,499,452,488,490,476,505,476,442,518,477,,-565,394,1224,461,-918,515,-1723,1317,-581,422,1033,237,-54,66,187,-918,465,-595,-621,-229,177,-784,-214,-459,-976,-248,24,262,498,548,47,-483,39,-249,-878,1690,109,111,890,-51,-31,37,-32,202,289,1055,441,504,266,606,-986,-270,904,27,386,-431,-1532,1265,-554,
0.1.16,0.5205254237288136,0.4993220338983051,-4226,28209,2502,28289,189.71186440677965,59000,11193.0,1000,538,501,515,504,509,521,506,521,529,516,525,494,524,515,512,527,540,530,504,542,518,527,505,487,525,495,498,540,521,529,483,537,544,511,564,538,524,515,530,507,518,522,556,528,502,544,532,540,525,549,513,534,506,530,502,521,494,500,524,,498,462,479,468,462,482,461,475,487,479,483,449,470,472,483,492,508,487,448,487,473,496,457,449,478,462,463,494,475,491,444,500,503,471,513,482,480,475,501,462,475,472,507,482,459,508,480,497,481,506,463,492,465,483,467,481,457,452,481,,897,-620,190,-442,-1143,-259,-428,200,234,254,-181,-1401,-355,-369,1,92,1550,-76,-600,447,-72,499,-736,-632,179,-924,-1168,482,267,347,-1332,21,812,-507,855,-63,-130,-522,918,-1508,-209,-258,603,-24,-588,706,403,712,143,920,-753,399,77,-14,4,17,-906,-842,607,
0.1.16,0.5209661016949153,0.4996864406779661,-2319,28226,2511,28263,188.67796610169492,59000,11132.0,1000,506,534,524,549,524,530,525,541,528,531,550,500,512,495,522,509,529,528,506,500,538,499,520,538,524,518,512,555,502,508,521,521,504,526,546,505,533,499,514,493,517,502,503,504,514,552,553,533,513,526,519,537,506,537,529,544,503,520,506,,467,497,477,503,475,487,469,495,483,490,505,458,465,450,491,462,487,494,467,467,491,465,479,495,481,475,468,510,461,458,477,480,465,472,494,472,478,457,466,457,481,463,461,452,464,519,497,495,470,488,480,496,474,487,485,501,459,493,471,,-336,178,-485,1195,-581,501,87,814,-336,369,695,-820,-877,-593,-475,-574,824,404,-383,-456,521,-993,-243,828,-381,-299,-42,931,-1110,-137,292,73,-311,-147,44,-320,41,-252,-445,-680,259,-650,-751,-523,-927,1791,1095,186,327,-68,52,513,-636,402,385,610,-475,-98,-332,
0.1.16,0.5179152542372881,0.4967033898305085,-8048,28054,2503,28443,195.05084745762713,59000,11508.0,1000,511,553,524,519,501,538,525,533,523,521,514,494,521,531,516,523,502,525,523,538,503,511,531,491,505,482,491,525,554,525,533,536,500,519,518,503,493,511,537,512,538,523,507,505,523,505,526,504,516,522,528,522,526,504,509,511,527,501,545,,481,514,476,482,461,496,481,480,478,491,482,463,478,499,475,471,465,479,489,494,454,468,492,446,464,441,460,464,511,485,490,486,471,467,471,469,445,462,501,476,496,482,459,462,472,463,475,466,470,478,477,484,484,463,454,470,479,464,498,,-348,935,495,-70,-606,-71,-190,240,392,194,-709,-235,-324,605,-156,-757,1,-485,380,568,-582,-501,368,-344,-495,-1245,-951,-155,806,621,-9,68,-1054,-65,-299,-578,-603,-435,525,-728,282,-42,-337,-1028,-311,-162,-237,232,-222,151,686,39,5,-677,-671,-358,417,-417,399,
0.1.14,0.48271186440677966,0.46353389830508474,-6729,26217,2263,30520,195.94915254237287,59000,11561.0,5000,2455,2693,2515,2712,2502,2747,2478,2717,2472,2739,2450,,,,,,,,,,,,,,,,,,,,,,,,,,,,,,,,,,,,,,,,,,,,,,,,,,2247,2502,2295,2481,2308,2536,2269,2516,2263,2550,2250,,,,,,,,,,,,,,,,,,,,,,,,,,,,,,,,,,,,,,,,,,,,,,,,,,-5364,3606,-2673,2707,-3645,4811,-4285,3006,-4623,4769,-5038,,,,,,,,,,,,,,,,,,,,,,,,,,,,,,,,,,,,,,,,,,,,,,,,,
0.1.14,0.9322033898305084,0.9322033898305084,718694,55000,0,4000,315.0,59000,18585.0,5000,5000,5000,5000,5000,5000,5000,5000,5000,5000,5000,5000,,,,,,,,,,,,,,,,,,,,,,,,,,,,,,,,,,,,,,,,,,,,,,,,,,5000,5000,5000,5000,5000,5000,5000,5000,5000,5000,5000,,,,,,,,,,,,,,,,,,,,,,,,,,,,,,,,,,,,,,,,,,,,,,,,,,30000,42546,43431,55712,57262,68261,70503,80229,83311,92092,95347,,,,,,,,,,,,,,,,,,,,,,,,,,,,,,,,,,,,,,,,,,,,,,,,,
0.1.14,0.9322033898305084,0.9322033898305084,718577,55000,0,4000,309.3728813559322,59000,18253.0,5000,5000,5000,5000,5000,5000,5000,5000,5000,5000,5000,5000,,,,,,,,,,,,,,,,,,,,,,,,,,,,,,,,,,,,,,,,,,,,,,,,,,5000,5000,5000,5000,5000,5000,5000,5000,5000,5000,5000,,,,,,,,,,,,,,,,,,,,,,,,,,,,,,,,,,,,,,,,,,,,,,,,,,30000,42479,43479,55831,57333,68247,70493,80349,83186,91921,95259,,,,,,,,,,,,,,,,,,,,,,,,,,,,,,,,,,,,,,,,,,,,,,,,,
0.1.14,0.4802542372881356,0.46116101694915257,-6872,26082,2253,30665,161.47457627118644,59000,9527.0,5000,2462,2681,2462,2703,2390,2729,2503,2781,2502,2709,2413,,,,,,,,,,,,,,,,,,,,,,,,,,,,,,,,,,,,,,,,,,,,,,,,,,2244,2503,2221,2499,2192,2531,2279,2569,2296,2522,2226,,,,,,,,,,,,,,,,,,,,,,,,,,,,,,,,,,,,,,,,,,,,,,,,,,-4509,4267,-5582,4005,-7383,4085,-3633,7128,-4163,4413,-5500,,,,,,,,,,,,,,,,,,,,,,,,,,,,,,,,,,,,,,,,,,,,,,,,,
